{
  "project_info": {
    "project_number": "41101316456",
    "firebase_url": "https://spacex-3d616.firebaseio.com",
    "project_id": "spacex-3d616",
    "storage_bucket": "spacex-3d616.appspot.com"
  },
  "client": [
    {
      "client_info": {
        "mobilesdk_app_id": "1:41101316456:android:09fd11aeccbadfd3",
        "android_client_info": {
          "package_name": "com.example.datpt.spacex"
        }
      },
      "oauth_client": [
        {
          "client_id": "41101316456-f4h9kvadoerv6qn7kvso36c2duo33i55.apps.googleusercontent.com",
          "client_type": 3
        }
      ],
      "api_key": [
        {
          "current_key": "AIzaSyAOn4VcXsTW88AqWznjh6f-6sZPh-kEpWM"
        },
        {
          "current_key": "AIzaSyAOn4VcXsTW88AqWznjh6f-6sZPh-kEpWM"
        }
      ],
      "services": {
        "analytics_service": {
          "status": 1
        },
        "appinvite_service": {
          "status": 1,
          "other_platform_oauth_client": []
        },
        "ads_service": {
          "status": 2
        }
      }
    }
  ],
  "configuration_version": "1"
}